[{"inputs":[{"internalType":"address","name":"_router","type":"address"},{"internalType":"address","name":"_pAstro","type":"address"},{"internalType":"address","name":"_usdc","type":"address"}],"stateMutability":"nonpayable","type":"constructor"},{"anonymous":false,"inputs":[{"indexed":true,"internalType":"address","name":"previousOwner","type":"address"},{"indexed":true,"internalType":"address","name":"newOwner","type":"address"}],"name":"OwnershipTransferred","type":"event"},{"anonymous":false,"inputs":[{"indexed":false,"internalType":"address","name":"_from","type":"address"},{"indexed":false,"internalType":"address","name":"_to","type":"address"},{"indexed":false,"internalType":"uint256","name":"_amount","type":"uint256"}],"name":"Presale","type":"event"},{"anonymous":false,"inputs":[{"indexed":false,"internalType":"uint256","name":"_time","type":"uint256"}],"name":"SetEndTime","type":"event"},{"anonymous":false,"inputs":[{"indexed":false,"internalType":"uint256","name":"_amount","type":"uint256"}],"name":"SetMaxCap","type":"event"},{"anonymous":false,"inputs":[{"indexed":false,"internalType":"uint256","name":"_amount","type":"uint256"}],"name":"SetMinCap","type":"event"},{"anonymous":false,"inputs":[{"indexed":false,"internalType":"address","name":"_add","type":"address"}],"name":"SetPresaleOwnerAddress","type":"event"},{"anonymous":false,"inputs":[{"indexed":false,"internalType":"uint256","name":"_time","type":"uint256"}],"name":"SetStartTime","type":"event"},{"anonymous":false,"inputs":[{"indexed":false,"internalType":"uint256","name":"_price","type":"uint256"},{"indexed":false,"internalType":"uint256","name":"_type","type":"uint256"}],"name":"SetpTokenPrice","type":"event"},{"anonymous":false,"inputs":[{"indexed":false,"internalType":"address","name":"addr","type":"address"},{"indexed":false,"internalType":"uint256","name":"astro","type":"uint256"}],"name":"WithdrawAll","type":"event"},{"stateMutability":"payable","type":"fallback"},{"inputs":[],"name":"_joe02Router","outputs":[{"internalType":"contract IJoeRouter02","name":"","type":"address"}],"stateMutability":"view","type":"function"},{"inputs":[],"name":"buyTokensByAVAX","outputs":[],"stateMutability":"payable","type":"function"},{"inputs":[{"internalType":"uint256","name":"_amountPrice","type":"uint256"}],"name":"buyTokensByUSDC","outputs":[],"stateMutability":"nonpayable","type":"function"},{"inputs":[],"name":"end_time","outputs":[{"internalType":"uint256","name":"","type":"uint256"}],"stateMutability":"view","type":"function"},{"inputs":[{"internalType":"uint256","name":"_amount","type":"uint256"}],"name":"getLatestAVAXPrice","outputs":[{"internalType":"uint256","name":"","type":"uint256"}],"stateMutability":"view","type":"function"},{"inputs":[],"name":"getUserPaidUSDC","outputs":[{"internalType":"uint256","name":"","type":"uint256"}],"stateMutability":"view","type":"function"},{"inputs":[],"name":"maxCapUSDC","outputs":[{"internalType":"uint256","name":"","type":"uint256"}],"stateMutability":"view","type":"function"},{"inputs":[],"name":"minCapUSDC","outputs":[{"internalType":"uint256","name":"","type":"uint256"}],"stateMutability":"view","type":"function"},{"inputs":[],"name":"owner","outputs":[{"internalType":"address","name":"","type":"address"}],"stateMutability":"view","type":"function"},{"inputs":[],"name":"pTokenPrice_USDC","outputs":[{"internalType":"uint256","name":"","type":"uint256"}],"stateMutability":"view","type":"function"},{"inputs":[],"name":"renounceOwnership","outputs":[],"stateMutability":"nonpayable","type":"function"},{"inputs":[{"internalType":"uint256","name":"_time","type":"uint256"}],"name":"setEndTime","outputs":[],"stateMutability":"nonpayable","type":"function"},{"inputs":[{"internalType":"uint256","name":"_maxCap","type":"uint256"}],"name":"setMaxCapUSDC","outputs":[],"stateMutability":"nonpayable","type":"function"},{"inputs":[{"internalType":"uint256","name":"_minCap","type":"uint256"}],"name":"setMinCapUSDC","outputs":[],"stateMutability":"nonpayable","type":"function"},{"inputs":[{"internalType":"address","name":"_add","type":"address"}],"name":"setPresaleOwnerAddress","outputs":[],"stateMutability":"nonpayable","type":"function"},{"inputs":[{"internalType":"uint256","name":"_time","type":"uint256"}],"name":"setStartTime","outputs":[],"stateMutability":"nonpayable","type":"function"},{"inputs":[{"internalType":"uint256","name":"_pTokenPrice","type":"uint256"}],"name":"setpTokenPriceUSDC","outputs":[],"stateMutability":"nonpayable","type":"function"},{"inputs":[],"name":"start_time","outputs":[{"internalType":"uint256","name":"","type":"uint256"}],"stateMutability":"view","type":"function"},{"inputs":[{"internalType":"address","name":"newOwner","type":"address"}],"name":"transferOwnership","outputs":[],"stateMutability":"nonpayable","type":"function"},{"inputs":[],"name":"withdrawAll","outputs":[],"stateMutability":"nonpayable","type":"function"},{"stateMutability":"payable","type":"receive"}]